시점,월별,소계,콜레라,장티푸스,파라티푸스,세균성이질,장출혈성대장균감염증,A형간염,소계,디프테리아,백일해,파상풍,홍역,유행성이하선염,풍진,폴리오,B형간염(급성),B형간염(산모),B형간염(주산기),일본뇌염,수두,b형헤모필루스인플루엔자,폐렴구균,소계,말라리아,성홍열,수막구균성수막염,레지오넬라증,비브리오패혈증,발진티푸스,발진열,쯔쯔가무시증,렙토스피라증,브루셀라증,탄저,공수병,신증후군출혈열,매독(1기),매독(2기),매독(선천성),크로이츠펠트-야콥병(CJD),결핵,한센병,후천성면역결핍증,C형간염,반코마이신내성황색포도알균(VRSA) 감염증,카바페넴내성장내세균속균종(CRE) 감염증,소계,페스트,황열,뎅기열,바이러스성출혈열,두창,보툴리눔독소증,중증급성호흡기증후군(SARS),동물인플루엔자 인체감염증,신종인플루엔자,야토병,큐열,웨스트나일열,신종감염병증후군,라임병,진드기매개뇌염,유비저,치쿤구니야열,중증열성혈소판감소증후군,중동호흡기증후군,지카바이러스감염증,리슈마니아증,바베시아증,크립토스포리디움증,주혈흡충증
2001,계,"1,537",162,401,36,927,11,-,"24,874",0,9,8,"23,060","1,668",128,0,-,-,-,1,-,-,-,"40,298","2,556",49,11,2,41,0,16,"2,637",133,0,0,1,323,-,-,-,-,"34,123",79,327,-,-,-,6,0,0,6,-,-,-,-,-,-,-,-,-,0,-,-,-,-,-,-,-,0,0,0,0
2001,1월,28,0,22,0,6,0,-,"7,596",0,0,0,"7,437",151,8,0,-,-,-,0,-,-,-,-,14,3,0,1,0,0,1,5,1,0,0,0,20,-,-,-,-,"2,438",2,-,-,-,-,0,0,0,0,-,-,-,-,-,-,-,-,-,0,-,-,-,-,-,-,-,0,0,0,0
2001,2월,78,0,19,3,56,0,-,"2,502",0,1,0,"2,432",60,9,0,-,-,-,0,-,-,-,-,19,0,3,0,0,0,1,1,0,0,0,0,8,-,-,-,-,"2,782",4,-,-,-,-,1,0,0,1,-,-,-,-,-,-,-,-,-,0,-,-,-,-,-,-,-,0,0,0,0
2001,3월,97,0,29,2,66,0,-,"3,157",0,2,0,"3,003",136,16,0,-,-,-,0,-,-,-,-,34,3,0,0,0,0,0,1,0,0,0,0,8,-,-,-,-,"3,089",13,-,-,-,-,1,0,0,1,-,-,-,-,-,-,-,-,-,0,-,-,-,-,-,-,-,0,0,0,0
2001,4월,147,0,118,2,25,2,-,"4,937",0,0,1,"4,708",202,26,0,-,-,-,0,-,-,-,-,45,6,2,0,0,0,0,1,1,0,0,0,4,-,-,-,-,"3,110",6,-,-,-,-,1,0,0,1,-,-,-,-,-,-,-,-,-,0,-,-,-,-,-,-,-,0,0,0,0
2001,5월,54,0,43,5,3,3,-,"4,265",0,1,0,"3,901",329,34,0,-,-,-,0,-,-,-,-,176,4,0,0,0,0,0,1,4,0,0,0,5,-,-,-,-,"3,331",6,-,-,-,-,0,0,0,0,-,-,-,-,-,-,-,-,-,0,-,-,-,-,-,-,-,0,0,0,0
2001,6월,43,0,29,3,9,2,-,"1,575",0,0,2,"1,298",257,18,0,-,-,-,0,-,-,-,-,369,7,0,0,4,0,1,0,0,0,0,0,10,-,-,-,-,"2,962",3,-,-,-,-,1,0,0,1,-,-,-,-,-,-,-,-,-,0,-,-,-,-,-,-,-,0,0,0,0
2001,7월,42,0,33,6,3,0,-,358,0,0,0,212,144,2,0,-,-,-,0,-,-,-,-,681,4,1,0,4,0,0,4,0,0,0,0,4,-,-,-,-,"3,272",11,-,-,-,-,0,0,0,0,-,-,-,-,-,-,-,-,-,0,-,-,-,-,-,-,-,0,0,0,0
2001,8월,32,1,20,5,4,2,-,112,0,3,2,32,72,2,0,-,-,-,1,-,-,-,-,624,2,3,0,19,0,3,4,2,0,0,0,3,-,-,-,-,"2,982",11,-,-,-,-,0,0,0,0,-,-,-,-,-,-,-,-,-,0,-,-,-,-,-,-,-,0,0,0,0
2001,9월,203,158,26,5,12,2,-,99,0,1,0,6,91,1,0,-,-,-,0,-,-,-,-,378,3,1,0,13,0,0,7,16,0,0,0,21,-,-,-,-,"2,798",4,-,-,-,-,1,0,0,1,-,-,-,-,-,-,-,-,-,0,-,-,-,-,-,-,-,0,0,0,0
2001,10월,32,2,13,1,16,0,-,112,0,0,0,9,99,4,0,-,-,-,0,-,-,-,-,173,5,1,1,0,0,4,"1,007",27,0,0,0,71,-,-,-,-,"2,535",6,-,-,-,-,1,0,0,1,-,-,-,-,-,-,-,-,-,0,-,-,-,-,-,-,-,0,0,0,0
2001,11월,82,1,23,2,56,0,-,94,0,1,3,16,69,5,0,-,-,-,0,-,-,-,-,30,6,0,0,1,0,6,"1,499",72,0,0,0,127,-,-,-,-,"2,532",9,-,-,-,-,0,0,0,0,-,-,-,-,-,-,-,-,-,0,-,-,-,-,-,-,-,0,0,0,0
2001,12월,699,0,26,2,671,0,-,67,0,0,0,6,58,3,0,-,-,-,0,-,-,-,-,13,6,0,0,0,0,0,107,10,0,0,1,42,-,-,-,-,"2,292",4,-,-,-,-,0,0,0,0,-,-,-,-,-,-,-,-,-,0,-,-,-,-,-,-,-,0,0,0,0
2002,계,"1,413",4,221,413,767,8,-,881,0,21,4,62,764,24,0,-,-,-,6,-,-,-,"36,800","1,799",54,27,1,60,0,9,"1,919",122,1,0,1,336,-,-,-,-,"32,010",64,397,-,-,-,10,0,0,9,-,0,0,-,-,-,-,-,-,0,-,-,-,-,-,-,-,1,0,0,0
2002,1월,280,1,35,3,241,0,-,38,0,2,0,6,28,2,0,-,-,-,0,-,-,-,-,11,8,2,0,0,0,2,6,2,0,0,0,13,-,-,-,-,"2,842",8,-,-,-,-,0,0,0,0,-,0,0,-,-,-,-,-,-,0,-,-,-,-,-,-,-,0,0,0,0
2002,2월,112,0,25,19,68,0,-,30,0,0,1,6,22,1,0,-,-,-,0,-,-,-,-,4,8,1,0,0,0,0,3,0,0,0,0,8,-,-,-,-,"2,279",5,-,-,-,-,0,0,0,0,-,0,0,-,-,-,-,-,-,0,-,-,-,-,-,-,-,0,0,0,0
2002,3월,390,0,22,279,89,0,-,50,0,2,0,7,41,0,0,-,-,-,0,-,-,-,-,5,5,1,0,0,0,0,3,0,0,0,0,5,-,-,-,-,"2,834",7,-,-,-,-,2,0,0,2,-,0,0,-,-,-,-,-,-,0,-,-,-,-,-,-,-,0,0,0,0
2002,4월,172,0,21,69,82,0,-,125,0,2,0,7,113,3,0,-,-,-,0,-,-,-,-,34,5,6,0,0,0,0,1,1,0,0,0,6,-,-,-,-,"3,074",4,-,-,-,-,0,0,0,0,-,0,0,-,-,-,-,-,-,0,-,-,-,-,-,-,-,0,0,0,0
2002,5월,74,1,24,13,36,0,-,134,0,0,0,8,114,12,0,-,-,-,0,-,-,-,-,102,5,4,0,0,0,2,7,1,0,0,0,11,-,-,-,-,"3,239",2,-,-,-,-,1,0,0,1,-,0,0,-,-,-,-,-,-,0,-,-,-,-,-,-,-,0,0,0,0
2002,6월,39,0,19,6,13,1,-,138,0,4,1,5,127,1,0,-,-,-,0,-,-,-,-,192,1,0,0,2,0,0,7,0,0,0,1,13,-,-,-,-,"2,561",1,-,-,-,-,1,0,0,1,-,0,0,-,-,-,-,-,-,0,-,-,-,-,-,-,-,0,0,0,0
2002,7월,40,2,19,7,11,1,-,102,0,1,0,4,95,2,0,-,-,-,0,-,-,-,-,407,5,0,0,3,0,0,3,2,0,0,0,11,-,-,-,-,"2,705",4,-,-,-,-,0,0,0,0,-,0,0,-,-,-,-,-,-,0,-,-,-,-,-,-,-,0,0,0,0
2002,8월,32,0,18,5,8,1,-,60,0,0,0,3,57,0,0,-,-,-,0,-,-,-,-,561,1,1,0,16,0,1,5,2,0,0,0,6,-,-,-,-,"2,992",9,-,-,-,-,2,0,0,2,-,0,0,-,-,-,-,-,-,0,-,-,-,-,-,-,-,0,0,0,0
2002,9월,25,0,10,3,9,3,-,54,0,2,1,4,45,1,0,-,-,-,1,-,-,-,-,297,2,0,0,29,0,0,22,16,0,0,0,13,-,-,-,-,"2,590",6,-,-,-,-,1,0,0,1,-,0,0,-,-,-,-,-,-,0,-,-,-,-,-,-,-,0,0,0,0
2002,10월,15,0,9,1,4,1,-,64,0,5,0,8,47,0,0,-,-,-,4,-,-,-,-,145,3,1,0,8,0,1,962,56,1,0,0,84,-,-,-,-,"2,479",8,-,-,-,-,1,0,0,1,-,0,0,-,-,-,-,-,-,0,-,-,-,-,-,-,-,0,0,0,0
2002,11월,23,0,7,3,12,1,-,52,0,2,0,1,47,1,0,-,-,-,1,-,-,-,-,36,6,3,0,2,0,2,843,37,0,0,0,121,-,-,-,-,"2,346",7,-,-,-,-,1,0,0,1,-,0,0,-,-,-,-,-,-,0,-,-,-,-,-,-,-,0,0,0,0
2002,12월,211,0,12,5,194,0,-,34,0,1,1,3,28,1,0,-,-,-,0,-,-,-,-,5,5,8,1,0,0,1,57,5,0,0,0,45,-,-,-,-,"2,069",3,-,-,-,-,1,0,0,0,-,0,0,-,-,-,-,-,-,0,-,-,-,-,-,-,-,1,0,0,0
2003,계,"1,457",1,199,88,"1,117",52,-,"1,573",0,5,8,33,"1,518",8,0,-,-,-,1,-,-,-,"34,613","1,171",107,38,3,80,0,9,"1,415",119,16,0,2,392,-,-,-,-,"30,687",41,533,-,-,-,17,0,0,14,-,0,3,-,-,-,-,-,-,0,-,-,-,-,-,-,-,0,0,0,0
2003,1월,250,1,20,41,188,0,-,29,0,0,0,1,28,0,0,-,-,-,0,-,-,-,-,10,1,9,0,0,0,0,5,0,0,0,0,17,-,-,-,-,"2,393",1,-,-,-,-,0,0,0,0,-,0,0,-,-,-,-,-,-,0,-,-,-,-,-,-,-,0,0,0,0
2003,2월,78,0,22,6,50,0,-,28,0,0,0,0,27,1,0,-,-,-,0,-,-,-,-,8,8,3,0,0,0,1,3,3,0,0,1,7,-,-,-,-,"2,168",2,-,-,-,-,0,0,0,0,-,0,0,-,-,-,-,-,-,0,-,-,-,-,-,-,-,0,0,0,0
2003,3월,117,0,21,12,84,0,-,65,0,1,0,5,57,2,0,-,-,-,0,-,-,-,-,9,8,3,1,0,0,0,2,0,3,0,0,3,-,-,-,-,"2,586",2,-,-,-,-,3,0,0,3,-,0,0,-,-,-,-,-,-,0,-,-,-,-,-,-,-,0,0,0,0
2003,4월,298,0,29,2,267,0,-,191,0,0,1,2,186,2,0,-,-,-,0,-,-,-,-,25,8,5,0,0,0,0,4,0,0,0,0,6,-,-,-,-,"2,732",3,-,-,-,-,0,0,0,0,-,0,0,-,-,-,-,-,-,0,-,-,-,-,-,-,-,0,0,0,0
2003,5월,162,0,20,0,142,0,-,168,0,0,1,5,160,2,0,-,-,-,0,-,-,-,-,73,3,5,0,0,0,0,7,0,1,0,1,16,-,-,-,-,"2,762",1,-,-,-,-,1,0,0,1,-,0,0,-,-,-,-,-,-,0,-,-,-,-,-,-,-,0,0,0,0
2003,6월,174,0,27,2,126,19,-,203,0,0,1,4,198,0,0,-,-,-,0,-,-,-,-,176,13,3,1,5,0,0,6,3,1,0,0,14,-,-,-,-,"2,776",4,-,-,-,-,3,0,0,0,-,0,3,-,-,-,-,-,-,0,-,-,-,-,-,-,-,0,0,0,0
2003,7월,102,0,11,3,67,21,-,202,0,1,1,1,198,1,0,-,-,-,0,-,-,-,-,275,9,2,0,9,0,0,3,1,3,0,0,12,-,-,-,-,"2,903",4,-,-,-,-,2,0,0,2,-,0,0,-,-,-,-,-,-,0,-,-,-,-,-,-,-,0,0,0,0
2003,8월,134,0,17,5,108,4,-,94,0,0,1,2,91,0,0,-,-,-,0,-,-,-,-,295,4,3,0,25,0,1,1,5,1,0,0,13,-,-,-,-,"2,743",4,-,-,-,-,4,0,0,4,-,0,0,-,-,-,-,-,-,0,-,-,-,-,-,-,-,0,0,0,0
2003,9월,42,0,10,7,24,1,-,86,0,1,1,2,82,0,0,-,-,-,0,-,-,-,-,186,7,1,0,29,0,0,9,14,4,0,0,18,-,-,-,-,"2,353",5,-,-,-,-,3,0,0,3,-,0,0,-,-,-,-,-,-,0,-,-,-,-,-,-,-,0,0,0,0
2003,10월,38,0,11,5,17,5,-,108,0,2,1,3,101,0,0,-,-,-,1,-,-,-,-,85,10,1,1,11,0,2,642,56,2,0,0,94,-,-,-,-,"2,522",7,-,-,-,-,0,0,0,0,-,0,0,-,-,-,-,-,-,0,-,-,-,-,-,-,-,0,0,0,0
2003,11월,38,0,6,3,28,1,-,140,0,0,1,3,136,0,0,-,-,-,0,-,-,-,-,22,24,1,0,1,0,4,642,28,1,0,0,122,-,-,-,-,"2,298",4,-,-,-,-,1,0,0,1,-,0,0,-,-,-,-,-,-,0,-,-,-,-,-,-,-,0,0,0,0
2003,12월,24,0,5,2,16,1,-,259,0,0,0,5,254,0,0,-,-,-,0,-,-,-,-,7,12,2,0,0,0,1,91,9,0,0,0,70,-,-,-,-,"2,451",4,-,-,-,-,0,0,0,0,-,0,0,-,-,-,-,-,-,0,-,-,-,-,-,-,-,0,0,0,0
2004,계,834,10,174,45,487,118,-,"1,787",0,6,11,11,"1,744",15,0,-,-,-,0,-,-,-,"38,508",864,80,8,10,57,0,19,"4,698",141,47,0,1,427,-,-,-,-,"31,503",43,610,-,-,-,21,0,0,16,-,0,4,-,-,-,-,-,-,0,-,-,-,-,-,-,-,1,0,0,0
2004,1월,32,0,17,6,9,0,-,87,0,0,0,0,87,0,0,-,-,-,0,-,-,-,-,6,8,2,0,0,0,0,7,1,0,0,0,33,-,-,-,-,"2,252",1,-,-,-,-,0,0,0,0,-,0,0,-,-,-,-,-,-,0,-,-,-,-,-,-,-,0,0,0,0
2004,2월,24,0,15,1,8,0,-,57,0,1,0,2,54,0,0,-,-,-,0,-,-,-,-,7,4,1,3,0,0,0,1,0,2,0,0,15,-,-,-,-,"2,414",4,-,-,-,-,1,0,0,1,-,0,0,-,-,-,-,-,-,0,-,-,-,-,-,-,-,0,0,0,0
2004,3월,34,1,17,6,10,0,-,98,0,0,1,0,96,1,0,-,-,-,0,-,-,-,-,4,6,1,0,0,0,0,2,0,1,0,0,5,-,-,-,-,"2,674",5,-,-,-,-,0,0,0,0,-,0,0,-,-,-,-,-,-,0,-,-,-,-,-,-,-,0,0,0,0
2004,4월,48,0,17,1,29,1,-,132,0,0,3,1,125,3,0,-,-,-,0,-,-,-,-,19,5,0,0,0,0,0,2,1,0,0,0,8,-,-,-,-,"2,608",5,-,-,-,-,1,0,0,1,-,0,0,-,-,-,-,-,-,0,-,-,-,-,-,-,-,0,0,0,0
2004,5월,98,0,21,3,73,1,-,226,0,0,2,4,219,1,0,-,-,-,0,-,-,-,-,42,5,0,0,0,0,0,6,1,3,0,1,17,-,-,-,-,"2,526",2,-,-,-,-,0,0,0,0,-,0,0,-,-,-,-,-,-,0,-,-,-,-,-,-,-,0,0,0,0
2004,6월,25,1,15,1,4,4,-,282,0,0,0,3,276,3,0,-,-,-,0,-,-,-,-,141,6,0,1,1,0,2,6,5,7,0,0,10,-,-,-,-,"3,134",5,-,-,-,-,0,0,0,0,-,0,0,-,-,-,-,-,-,0,-,-,-,-,-,-,-,0,0,0,0
2004,7월,110,5,20,4,6,75,-,229,0,0,1,0,227,1,0,-,-,-,0,-,-,-,-,211,3,0,1,8,0,0,0,3,8,0,0,15,-,-,-,-,"2,897",4,-,-,-,-,3,0,0,1,-,0,1,-,-,-,-,-,-,0,-,-,-,-,-,-,-,1,0,0,0
2004,8월,57,2,8,5,12,30,-,95,0,2,1,0,92,0,0,-,-,-,0,-,-,-,-,214,3,1,0,10,0,0,6,13,4,0,0,10,-,-,-,-,"2,862",7,-,-,-,-,5,0,0,5,-,0,0,-,-,-,-,-,-,0,-,-,-,-,-,-,-,0,0,0,0
2004,9월,21,0,8,5,2,6,-,106,0,1,1,0,104,0,0,-,-,-,0,-,-,-,-,126,2,1,4,25,0,1,14,10,2,0,0,13,-,-,-,-,"2,301",4,-,-,-,-,1,0,0,1,-,0,0,-,-,-,-,-,-,0,-,-,-,-,-,-,-,0,0,0,0
2004,10월,25,0,10,5,9,1,-,155,0,1,0,0,151,3,0,-,-,-,0,-,-,-,-,76,11,0,1,11,0,10,"1,829",71,7,0,0,96,-,-,-,-,"2,487",3,-,-,-,-,1,0,0,1,-,0,0,-,-,-,-,-,-,0,-,-,-,-,-,-,-,0,0,0,0
2004,11월,150,0,10,5,135,0,-,126,0,1,1,0,122,2,0,-,-,-,0,-,-,-,-,13,16,0,0,1,0,5,"2,667",32,6,0,0,150,-,-,-,-,"2,641",1,-,-,-,-,7,0,0,4,-,0,3,-,-,-,-,-,-,0,-,-,-,-,-,-,-,0,0,0,0
2004,12월,210,1,16,3,190,0,-,194,0,0,1,1,191,1,0,-,-,-,0,-,-,-,-,5,11,2,0,1,0,1,158,4,7,0,0,55,-,-,-,-,"2,707",2,-,-,-,-,2,0,0,2,-,0,0,-,-,-,-,-,-,0,-,-,-,-,-,-,-,0,0,0,0
2005,계,597,16,190,31,317,43,-,"3,844",0,11,11,7,"1,863",12,0,-,-,-,6,"1,934",-,-,"44,990","1,369",87,7,6,57,0,35,"6,780",83,158,0,0,421,-,-,-,-,"35,269",38,680,-,-,-,36,0,0,34,-,0,0,-,-,-,-,-,-,0,-,-,-,-,-,-,-,0,1,1,0
2005,1월,32,1,18,5,8,0,-,75,0,1,0,0,73,1,0,-,-,-,0,0,-,-,-,6,9,2,1,0,0,0,10,1,14,0,0,24,-,-,-,-,"2,312",5,-,-,-,-,1,0,0,1,-,0,0,-,-,-,-,-,-,0,-,-,-,-,-,-,-,0,0,0,0
2005,2월,39,0,13,3,22,1,-,49,0,0,0,0,49,0,0,-,-,-,0,0,-,-,-,5,10,0,0,0,0,1,2,0,6,0,0,7,-,-,-,-,"1,885",1,-,-,-,-,1,0,0,1,-,0,0,-,-,-,-,-,-,0,-,-,-,-,-,-,-,0,0,0,0
2005,3월,29,0,17,4,6,2,-,119,0,1,1,0,116,1,0,-,-,-,0,0,-,-,-,12,6,1,1,0,0,0,0,0,11,0,0,10,-,-,-,-,"2,610",2,-,-,-,-,0,0,0,0,-,0,0,-,-,-,-,-,-,0,-,-,-,-,-,-,-,0,0,0,0
2005,4월,62,0,19,4,38,1,-,202,0,5,2,0,195,0,0,-,-,-,0,0,-,-,-,21,7,0,3,0,0,0,3,0,15,0,0,10,-,-,-,-,"2,533",8,-,-,-,-,1,0,0,1,-,0,0,-,-,-,-,-,-,0,-,-,-,-,-,-,-,0,0,0,0
2005,5월,42,0,29,1,10,2,-,239,0,1,0,0,238,0,0,-,-,-,0,0,-,-,-,49,10,1,0,0,0,2,4,2,11,0,0,11,-,-,-,-,"2,568",1,-,-,-,-,2,0,0,1,-,0,0,-,-,-,-,-,-,0,-,-,-,-,-,-,-,0,0,1,0
2005,6월,45,0,15,1,20,9,-,196,0,0,2,1,191,2,0,-,-,-,0,0,-,-,-,133,7,1,0,3,0,0,9,0,20,0,0,11,-,-,-,-,"2,641",3,-,-,-,-,4,0,0,4,-,0,0,-,-,-,-,-,-,0,-,-,-,-,-,-,-,0,0,0,0
2005,7월,36,1,15,2,7,11,-,164,0,0,2,0,153,2,0,-,-,-,0,7,-,-,-,295,9,0,0,10,0,0,7,0,19,0,0,7,-,-,-,-,"2,735",6,-,-,-,-,7,0,0,6,-,0,0,-,-,-,-,-,-,0,-,-,-,-,-,-,-,0,1,0,0
2005,8월,49,8,11,5,19,6,-,101,0,0,2,1,94,0,0,-,-,-,0,4,-,-,-,398,7,1,0,16,0,0,5,4,11,0,0,7,-,-,-,-,"3,382",1,-,-,-,-,7,0,0,7,-,0,0,-,-,-,-,-,-,0,-,-,-,-,-,-,-,0,0,0,0
2005,9월,34,1,19,0,10,4,-,90,0,2,0,1,76,4,0,-,-,-,3,4,-,-,-,256,4,0,0,21,0,1,24,16,19,0,0,21,-,-,-,-,"5,284",3,-,-,-,-,6,0,0,6,-,0,0,-,-,-,-,-,-,0,-,-,-,-,-,-,-,0,0,0,0
2005,10월,59,0,12,3,40,4,-,224,0,1,0,1,179,1,0,-,-,-,2,40,-,-,-,154,3,0,0,4,0,16,"2,159",21,10,0,0,86,-,-,-,-,"3,491",3,-,-,-,-,5,0,0,5,-,0,0,-,-,-,-,-,-,0,-,-,-,-,-,-,-,0,0,0,0
2005,11월,74,2,14,0,55,3,-,858,0,0,1,2,259,1,0,-,-,-,1,594,-,-,-,34,6,0,0,3,0,14,"4,167",36,12,0,0,155,-,-,-,-,"2,920",3,-,-,-,-,1,0,0,1,-,0,0,-,-,-,-,-,-,0,-,-,-,-,-,-,-,0,0,0,0
2005,12월,96,3,8,3,82,0,-,"1,527",0,0,1,1,240,0,0,-,-,-,0,"1,285",-,-,-,6,9,1,1,0,0,1,390,3,10,0,0,72,-,-,-,-,"2,908",2,-,-,-,-,1,0,0,1,-,0,0,-,-,-,-,-,-,0,-,-,-,-,-,-,-,0,0,0,0
2006,계,681,5,200,50,389,37,-,"13,189",0,17,10,28,"2,089",18,0,-,-,-,0,"11,027",-,-,"45,753","2,051",108,11,20,88,0,73,"6,480",119,215,0,0,422,-,-,-,-,"35,361",56,749,-,-,-,41,0,0,35,-,0,0,0,0,-,0,6,-,0,-,-,-,-,-,-,-,0,0,0,0
2006,1월,27,2,8,2,13,2,-,878,0,0,0,0,89,0,0,-,-,-,0,789,-,-,-,9,3,1,0,0,0,2,11,1,9,0,0,24,-,-,-,-,"2,938",3,-,-,-,-,1,0,0,1,-,0,0,0,0,-,0,0,-,0,-,-,-,-,-,-,-,0,0,0,0
2006,2월,50,3,16,5,25,1,-,540,0,0,1,1,65,1,0,-,-,-,0,472,-,-,-,3,4,1,1,0,0,1,3,0,3,0,0,10,-,-,-,-,"2,823",4,-,-,-,-,3,0,0,2,-,0,0,0,0,-,0,1,-,0,-,-,-,-,-,-,-,0,0,0,0
2006,3월,42,0,18,3,21,0,-,625,0,0,0,1,147,1,0,-,-,-,0,476,-,-,-,19,10,0,1,0,0,1,4,1,16,0,0,9,-,-,-,-,"2,866",4,-,-,-,-,2,0,0,2,-,0,0,0,0,-,0,0,-,0,-,-,-,-,-,-,-,0,0,0,0
2006,4월,30,0,14,4,10,2,-,"1,176",0,0,0,2,177,3,0,-,-,-,0,994,-,-,-,29,12,5,0,0,0,2,13,0,20,0,0,9,-,-,-,-,"3,022",4,-,-,-,-,1,0,0,0,-,0,0,0,0,-,0,1,-,0,-,-,-,-,-,-,-,0,0,0,0
2006,5월,31,0,16,3,12,0,-,"1,976",0,0,0,19,287,3,0,-,-,-,0,"1,667",-,-,-,109,9,2,2,0,0,0,8,1,18,0,0,13,-,-,-,-,"3,152",5,-,-,-,-,1,0,0,0,-,0,0,0,0,-,0,1,-,0,-,-,-,-,-,-,-,0,0,0,0
2006,6월,86,0,34,2,40,10,-,"1,976",0,4,1,0,264,5,0,-,-,-,0,"1,702",-,-,-,301,10,0,0,3,0,4,9,2,15,0,0,15,-,-,-,-,"3,191",5,-,-,-,-,3,0,0,3,-,0,0,0,0,-,0,0,-,0,-,-,-,-,-,-,-,0,0,0,0
2006,7월,89,0,21,1,60,7,-,"1,076",0,1,3,0,192,1,0,-,-,-,0,879,-,-,-,432,11,0,5,12,0,0,5,2,23,0,0,13,-,-,-,-,"3,040",5,-,-,-,-,3,0,0,3,-,0,0,0,0,-,0,0,-,0,-,-,-,-,-,-,-,0,0,0,0
2006,8월,135,0,23,7,100,5,-,645,0,1,2,1,163,1,0,-,-,-,0,477,-,-,-,516,2,0,4,26,0,3,5,7,29,0,0,11,-,-,-,-,"3,113",9,-,-,-,-,9,0,0,8,-,0,0,0,0,-,0,1,-,0,-,-,-,-,-,-,-,0,0,0,0
2006,9월,43,0,14,13,11,5,-,595,0,2,1,0,234,0,0,-,-,-,0,358,-,-,-,384,4,2,2,31,0,0,29,12,30,0,0,31,-,-,-,-,"2,861",3,-,-,-,-,12,0,0,10,-,0,0,0,0,-,0,2,-,0,-,-,-,-,-,-,-,0,0,0,0
2006,10월,14,0,8,3,2,1,-,757,0,2,0,1,122,1,0,-,-,-,0,631,-,-,-,193,6,0,2,12,0,42,"2,054",36,22,0,0,95,-,-,-,-,"2,679",1,-,-,-,-,3,0,0,3,-,0,0,0,0,-,0,0,-,0,-,-,-,-,-,-,-,0,0,0,0
2006,11월,78,0,16,3,55,4,-,"1,137",0,5,2,1,121,1,0,-,-,-,0,"1,007",-,-,-,40,15,0,2,3,0,16,"3,766",46,19,0,0,128,-,-,-,-,"2,945",10,-,-,-,-,3,0,0,3,-,0,0,0,0,-,0,0,-,0,-,-,-,-,-,-,-,0,0,0,0
2006,12월,56,0,12,4,40,0,-,"1,808",0,2,0,2,228,1,0,-,-,-,0,"1,575",-,-,-,16,22,0,1,1,0,2,573,11,11,0,0,64,-,-,-,-,"2,731",3,-,-,-,-,0,0,0,0,-,0,0,0,0,-,0,0,-,0,-,-,-,-,-,-,-,0,0,0,0
2007,계,447,7,223,45,131,41,-,"25,099",0,14,8,194,"4,557",35,0,-,-,-,7,"20,284",-,-,"44,759","2,227",146,4,19,59,0,61,"6,022",208,101,0,0,450,-,-,-,-,"34,710",12,740,-,-,-,111,0,0,97,-,0,0,0,0,-,0,12,-,0,-,-,-,-,-,-,-,0,0,0,2
2007,1월,36,0,17,7,11,1,-,"1,627",0,0,0,0,133,2,0,-,-,-,0,"1,492",-,-,-,15,13,1,2,0,0,0,25,2,9,0,0,21,-,-,-,-,"3,038",2,-,-,-,-,2,0,0,2,-,0,0,0,0,-,0,0,-,0,-,-,-,-,-,-,-,0,0,0,0
2007,2월,24,1,17,3,2,1,-,"1,027",0,1,0,0,88,4,0,-,-,-,0,934,-,-,-,8,21,0,0,0,0,1,10,2,12,0,0,11,-,-,-,-,"2,465",2,-,-,-,-,5,0,0,5,-,0,0,0,0,-,0,0,-,0,-,-,-,-,-,-,-,0,0,0,0
2007,3월,39,0,30,6,2,1,-,"1,396",0,4,0,0,163,4,0,-,-,-,0,"1,225",-,-,-,10,20,0,3,0,0,0,6,3,9,0,0,7,-,-,-,-,"2,781",1,-,-,-,-,2,0,0,2,-,0,0,0,0,-,0,0,-,0,-,-,-,-,-,-,-,0,0,0,0
2007,4월,36,1,25,4,5,1,-,"2,471",0,2,1,17,494,8,0,-,-,-,0,"1,949",-,-,-,20,17,0,3,0,0,0,11,3,9,0,0,8,-,-,-,-,"3,044",3,-,-,-,-,11,0,0,10,-,0,0,0,0,-,0,1,-,0,-,-,-,-,-,-,-,0,0,0,0
2007,5월,31,0,18,3,4,6,-,"4,044",0,0,1,68,677,2,0,-,-,-,0,"3,296",-,-,-,110,24,0,2,0,0,1,13,2,15,0,0,14,-,-,-,-,"3,361",0,-,-,-,-,5,0,0,5,-,0,0,0,0,-,0,0,-,0,-,-,-,-,-,-,-,0,0,0,0
2007,6월,69,1,30,4,30,4,-,"3,462",0,1,0,59,752,4,0,-,-,-,0,"2,646",-,-,-,239,8,0,2,0,0,0,17,0,11,0,0,6,-,-,-,-,"3,216",2,-,-,-,-,12,0,0,7,-,0,0,0,0,-,0,5,-,0,-,-,-,-,-,-,-,0,0,0,0
2007,7월,41,2,18,3,9,9,-,"2,010",0,1,2,20,484,2,0,-,-,-,0,"1,501",-,-,-,605,4,2,1,4,0,0,12,2,9,0,0,14,-,-,-,-,"3,382",1,-,-,-,-,19,0,0,18,-,0,0,0,0,-,0,1,-,0,-,-,-,-,-,-,-,0,0,0,0
2007,8월,40,1,20,2,6,11,-,848,0,1,0,22,228,2,0,-,-,-,0,595,-,-,-,639,6,1,2,12,0,2,11,5,10,0,0,12,-,-,-,-,"2,986",0,-,-,-,-,17,0,0,14,-,0,0,0,0,-,0,2,-,0,-,-,-,-,-,-,-,0,0,0,1
2007,9월,33,0,18,6,7,2,-,693,0,3,1,0,256,0,0,-,-,-,3,430,-,-,-,329,3,0,3,29,0,1,26,23,5,0,0,9,-,-,-,-,"2,451",0,-,-,-,-,22,0,0,20,-,0,0,0,0,-,0,1,-,0,-,-,-,-,-,-,-,0,0,0,1
2007,10월,26,0,13,2,7,4,-,"1,095",0,0,1,4,364,1,0,-,-,-,1,724,-,-,-,173,7,0,0,12,0,20,"1,123",63,5,0,0,73,-,-,-,-,"2,911",0,-,-,-,-,6,0,0,6,-,0,0,0,0,-,0,0,-,0,-,-,-,-,-,-,-,0,0,0,0
2007,11월,29,0,10,4,15,0,-,"2,474",0,0,1,4,411,4,0,-,-,-,3,"2,051",-,-,-,65,8,0,1,2,0,32,"4,374",83,2,0,0,211,-,-,-,-,"2,643",1,-,-,-,-,5,0,0,4,-,0,0,0,0,-,0,1,-,0,-,-,-,-,-,-,-,0,0,0,0
2007,12월,43,1,7,1,33,1,-,"3,952",0,1,1,0,507,2,0,-,-,-,0,"3,441",-,-,-,14,15,0,0,0,0,4,394,20,5,0,0,64,-,-,-,-,"2,432",0,-,-,-,-,5,0,0,4,-,0,0,0,0,-,0,1,-,0,-,-,-,-,-,-,-,0,0,0,0
2008,계,504,5,188,44,209,58,-,"27,454",0,9,16,2,"4,542",30,0,-,-,-,6,"22,849",-,-,"42,912","1,052",151,1,21,49,0,87,"6,057",100,58,0,0,375,-,-,-,-,"34,157",7,797,-,-,-,71,0,0,51,-,0,0,0,0,-,0,19,-,0,-,-,-,-,-,-,-,0,0,0,1
2008,1월,58,1,12,4,38,3,-,"2,626",0,2,0,0,233,2,0,-,-,-,0,"2,389",-,-,-,22,9,1,1,0,0,0,14,4,9,0,0,27,-,-,-,-,"2,779",1,-,-,-,-,10,0,0,9,-,0,0,0,0,-,0,1,-,0,-,-,-,-,-,-,-,0,0,0,0
2008,2월,28,0,6,1,20,1,-,"1,212",0,0,1,1,109,1,0,-,-,-,0,"1,100",-,-,-,8,11,0,2,0,0,0,10,4,3,0,0,8,-,-,-,-,"2,312",1,-,-,-,-,2,0,0,1,-,0,0,0,0,-,0,1,-,0,-,-,-,-,-,-,-,0,0,0,0
2008,3월,38,0,19,3,14,2,-,"1,469",0,0,2,0,211,3,0,-,-,-,0,"1,253",-,-,-,8,12,0,3,0,0,1,2,2,5,0,0,6,-,-,-,-,"2,838",0,-,-,-,-,7,0,0,3,-,0,0,0,0,-,0,4,-,0,-,-,-,-,-,-,-,0,0,0,0
2008,4월,26,0,16,2,6,2,-,"2,334",0,0,2,1,486,3,0,-,-,-,0,"1,842",-,-,-,37,7,0,4,0,0,0,8,2,10,0,0,5,-,-,-,-,"2,964",1,-,-,-,-,8,0,0,3,-,0,0,0,0,-,0,5,-,0,-,-,-,-,-,-,-,0,0,0,0
2008,5월,41,0,19,4,14,4,-,"3,146",0,1,2,0,654,6,0,-,-,-,0,"2,483",-,-,-,85,14,0,2,0,0,0,22,1,7,0,0,10,-,-,-,-,"3,066",1,-,-,-,-,5,0,0,1,-,0,0,0,0,-,0,4,-,0,-,-,-,-,-,-,-,0,0,0,0
2008,6월,50,0,31,4,8,7,-,"3,452",0,1,2,0,760,3,0,-,-,-,0,"2,686",-,-,-,148,24,0,0,3,0,1,8,1,1,0,0,13,-,-,-,-,"3,022",0,-,-,-,-,4,0,0,4,-,0,0,0,0,-,0,0,-,0,-,-,-,-,-,-,-,0,0,0,0
2008,7월,52,0,23,2,19,8,-,"2,138",0,0,0,0,432,4,0,-,-,-,0,"1,702",-,-,-,235,9,0,2,11,0,0,12,2,6,0,0,10,-,-,-,-,"3,513",0,-,-,-,-,1,0,0,0,-,0,0,0,0,-,0,1,-,0,-,-,-,-,-,-,-,0,0,0,0
2008,8월,40,1,15,5,10,9,-,"1,040",0,1,0,0,217,1,0,-,-,-,0,821,-,-,-,228,3,0,2,6,0,1,6,5,2,0,0,11,-,-,-,-,"2,649",0,-,-,-,-,8,0,0,8,-,0,0,0,0,-,0,0,-,0,-,-,-,-,-,-,-,0,0,0,0
2008,9월,30,2,15,5,5,3,-,"1,117",0,1,0,0,319,2,0,-,-,-,1,794,-,-,-,172,15,0,1,21,0,2,38,15,7,0,0,17,-,-,-,-,"2,784",0,-,-,-,-,16,0,0,14,-,0,0,0,0,-,0,2,-,0,-,-,-,-,-,-,-,0,0,0,0
2008,10월,45,0,10,6,23,6,-,"1,518",0,2,4,0,344,1,0,-,-,-,3,"1,164",-,-,-,85,20,0,3,8,0,49,"3,035",39,1,0,0,80,-,-,-,-,"2,955",0,-,-,-,-,6,0,0,5,-,0,0,0,0,-,0,0,-,0,-,-,-,-,-,-,-,0,0,0,1
2008,11월,50,1,6,4,32,7,-,"2,789",0,0,0,0,376,1,0,-,-,-,2,"2,410",-,-,-,14,13,0,1,0,0,29,"2,547",23,1,0,0,130,-,-,-,-,"2,545",1,-,-,-,-,3,0,0,2,-,0,0,0,0,-,0,1,-,0,-,-,-,-,-,-,-,0,0,0,0
2008,12월,46,0,16,4,20,6,-,"4,613",0,1,3,0,401,3,0,-,-,-,0,"4,205",-,-,-,10,14,0,0,0,0,4,355,2,6,0,0,58,-,-,-,-,"2,730",2,-,-,-,-,1,0,0,1,-,0,0,0,0,-,0,0,-,0,-,-,-,-,-,-,-,0,0,0,0
2009,계,446,0,168,36,180,62,-,"31,738",0,66,17,17,"6,399",36,0,-,-,-,6,"25,197",-,-,"43,585","1,345",127,3,24,24,0,29,"4,995",62,24,0,0,334,-,-,-,-,"35,845",5,768,-,-,-,"706,984",0,0,59,-,0,0,0,0,-,0,14,-,"706,911",-,-,-,-,-,-,-,0,0,0,0
2009,1월,20,0,13,2,5,0,-,"2,699",0,2,0,1,210,1,0,-,-,-,0,"2,485",-,-,-,3,12,0,3,0,0,1,39,3,1,0,0,15,-,-,-,-,"2,190",2,-,-,-,-,6,0,0,5,-,0,0,0,0,-,0,1,-,0,-,-,-,-,-,-,-,0,0,0,0
2009,2월,24,0,8,2,14,0,-,"1,928",0,5,0,0,197,2,0,-,-,-,0,"1,724",-,-,-,3,15,0,2,0,0,0,17,0,1,0,0,6,-,-,-,-,"2,624",1,-,-,-,-,11,0,0,8,-,0,0,0,0,-,0,3,-,0,-,-,-,-,-,-,-,0,0,0,0
2009,3월,35,0,14,3,15,3,-,"2,426",0,2,1,2,363,4,0,-,-,-,0,"2,054",-,-,-,9,8,1,1,0,0,0,13,0,4,0,0,9,-,-,-,-,"3,178",0,-,-,-,-,6,0,0,4,-,0,0,0,0,-,0,2,-,0,-,-,-,-,-,-,-,0,0,0,0
2009,4월,43,0,25,3,11,4,-,"3,387",0,2,3,2,537,2,0,-,-,-,0,"2,841",-,-,-,48,15,0,2,0,0,2,15,1,3,0,0,11,-,-,-,-,"3,357",1,-,-,-,-,9,0,0,2,-,0,0,0,0,-,0,1,-,6,-,-,-,-,-,-,-,0,0,0,0
2009,5월,35,0,17,4,7,7,-,"4,665",0,1,3,2,772,3,0,-,-,-,0,"3,884",-,-,-,121,20,0,2,0,0,0,14,1,2,0,0,10,-,-,-,-,"3,140",0,-,-,-,-,122,0,0,2,-,0,0,0,0,-,0,1,-,119,-,-,-,-,-,-,-,0,0,0,0
2009,6월,41,0,13,2,5,21,-,"5,575",0,4,1,2,"1,324",5,0,-,-,-,0,"4,239",-,-,-,213,19,1,5,0,0,3,21,2,1,0,0,20,-,-,-,-,"3,560",0,-,-,-,-,306,0,0,4,-,0,0,0,0,-,0,3,-,299,-,-,-,-,-,-,-,0,0,0,0
2009,7월,38,0,18,3,6,11,-,"3,144",0,7,2,2,894,6,0,-,-,-,0,"2,233",-,-,-,313,9,1,2,1,0,0,14,2,3,0,0,12,-,-,-,-,"3,460",0,-,-,-,-,"1,465",0,0,6,-,0,0,0,0,-,0,1,-,"1,458",-,-,-,-,-,-,-,0,0,0,0
2009,8월,32,0,14,7,7,4,-,"1,475",0,12,2,1,486,2,0,-,-,-,0,972,-,-,-,269,7,0,2,9,0,1,12,1,2,0,0,10,-,-,-,-,"3,256",0,-,-,-,-,"5,141",0,0,11,-,0,0,0,0,-,0,0,-,"5,130",-,-,-,-,-,-,-,0,0,0,0
2009,9월,32,0,17,4,7,4,-,"1,386",0,16,1,0,528,5,0,-,-,-,1,835,-,-,-,211,8,0,1,8,0,3,51,7,2,0,0,19,-,-,-,-,"3,242",0,-,-,-,-,"22,569",0,0,7,-,0,0,0,0,-,0,0,-,"22,562",-,-,-,-,-,-,-,0,0,0,0
2009,10월,25,0,10,2,9,4,-,"1,566",0,6,1,2,425,1,0,-,-,-,1,"1,130",-,-,-,99,3,0,2,6,0,6,"1,739",17,1,0,0,60,-,-,-,-,"2,600",1,-,-,-,-,"132,452",0,0,1,-,0,0,0,0,-,0,0,-,"132,451",-,-,-,-,-,-,-,0,0,0,0
2009,11월,36,0,6,3,25,2,-,"1,615",0,7,1,2,341,3,0,-,-,-,3,"1,258",-,-,-,45,6,0,1,0,0,6,"2,641",22,0,0,0,110,-,-,-,-,"2,471",0,-,-,-,-,"391,499",0,0,6,-,0,0,0,0,-,0,2,-,"391,491",-,-,-,-,-,-,-,0,0,0,0
2009,12월,85,0,13,1,69,2,-,"1,872",0,2,2,1,322,2,0,-,-,-,1,"1,542",-,-,-,11,5,0,1,0,0,7,419,6,4,0,0,52,-,-,-,-,"2,767",0,-,-,-,-,"153,398",0,0,3,-,0,0,0,0,-,0,0,-,"153,395",-,-,-,-,-,-,-,0,0,0,0
2010,계,480,8,133,55,228,56,-,"30,718",0,27,14,114,"6,094",43,0,-,-,-,26,"24,400",-,-,"45,372","1,772",106,12,30,73,0,54,"5,671",66,31,0,0,473,-,-,-,-,"36,305",6,773,-,-,-,"56,989",0,0,125,-,0,0,0,0,-,0,13,-,"56,850",-,-,-,-,-,-,-,1,0,0,0
2010,1월,33,0,14,5,14,0,-,"1,400",0,3,0,0,256,3,0,-,-,-,0,"1,138",-,-,"2,389",1,3,2,3,0,0,1,23,1,2,0,0,16,-,-,-,-,"2,281",1,55,-,-,-,"42,376",0,0,9,-,0,0,0,0,-,0,5,-,"42,362",-,-,-,-,-,-,-,0,0,0,0
2010,2월,27,1,7,4,14,1,-,"1,280",0,4,0,0,236,0,0,-,-,-,0,"1,040",-,-,"2,553",8,18,0,2,0,0,3,13,0,0,0,0,11,-,-,-,-,"2,451",1,46,-,-,-,"11,406",0,0,6,-,0,0,0,0,-,0,3,-,"11,397",-,-,-,-,-,-,-,0,0,0,0
2010,3월,23,0,15,3,4,1,-,"1,751",0,3,4,0,322,7,0,-,-,-,0,"1,415",-,-,"3,168",8,12,0,2,0,0,4,11,0,2,0,0,10,-,-,-,-,"3,076",0,43,-,-,-,"2,202",0,0,4,-,0,0,0,0,-,0,0,-,"2,198",-,-,-,-,-,-,-,0,0,0,0
2010,4월,43,0,12,0,31,0,-,"2,177",0,1,0,0,416,5,0,-,-,-,0,"1,755",-,-,"3,491",36,10,0,3,0,0,1,16,2,4,0,0,15,-,-,-,-,"3,335",0,69,-,-,-,742,0,0,3,-,0,0,0,0,-,0,0,-,738,-,-,-,-,-,-,-,1,0,0,0
2010,5월,35,0,8,4,23,0,-,"2,934",0,4,2,3,561,6,0,-,-,-,0,"2,358",-,-,"3,451",171,12,4,0,0,0,1,27,2,2,0,0,16,-,-,-,-,"3,149",1,66,-,-,-,133,0,0,1,-,0,0,0,0,-,0,0,-,132,-,-,-,-,-,-,-,0,0,0,0
2010,6월,37,1,13,7,12,4,-,"3,671",0,3,1,66,768,2,0,-,-,-,0,"2,831",-,-,"4,004",358,8,1,2,0,0,1,27,2,5,0,0,22,-,-,-,-,"3,478",0,100,-,-,-,10,0,0,3,-,0,0,0,0,-,0,1,-,6,-,-,-,-,-,-,-,0,0,0,0
2010,7월,53,3,10,8,17,15,-,"2,704",0,1,0,41,645,5,0,-,-,-,0,"2,012",-,-,"4,122",454,7,1,0,4,0,2,27,2,5,0,0,24,-,-,-,-,"3,559",1,36,-,-,-,14,0,0,11,-,0,0,0,0,-,0,0,-,3,-,-,-,-,-,-,-,0,0,0,0
2010,8월,84,2,18,7,39,18,-,"1,397",0,1,3,3,355,5,0,-,-,-,2,"1,028",-,-,"3,900",401,3,0,4,20,0,3,27,5,2,0,0,20,-,-,-,-,"3,330",1,84,-,-,-,23,0,0,19,-,0,0,0,0,-,0,1,-,3,-,-,-,-,-,-,-,0,0,0,0
2010,9월,41,0,9,13,15,4,-,"1,299",0,1,0,0,425,3,0,-,-,-,11,859,-,-,"3,271",211,4,1,3,32,0,3,60,12,3,0,0,33,-,-,-,-,"2,837",0,72,-,-,-,45,0,0,32,-,0,0,0,0,-,0,2,-,11,-,-,-,-,-,-,-,0,0,0,0
2010,10월,37,1,11,1,20,4,-,"2,075",0,2,2,0,619,4,0,-,-,-,7,"1,441",-,-,"4,397",93,2,1,3,14,0,7,"1,203",17,4,0,0,81,-,-,-,-,"2,923",0,49,-,-,-,21,0,0,21,-,0,0,0,0,-,0,0,-,0,-,-,-,-,-,-,-,0,0,0,0
2010,11월,33,0,9,1,20,3,-,"4,329",0,2,1,0,819,1,0,-,-,-,6,"3,500",-,-,"7,022",21,8,1,5,3,0,23,"3,832",17,2,0,0,158,-,-,-,-,"2,895",0,57,-,-,-,10,0,0,9,-,0,0,0,0,-,0,1,-,0,-,-,-,-,-,-,-,0,0,0,0
2010,12월,34,0,7,2,19,6,-,"5,701",0,2,1,1,672,2,0,-,-,-,0,"5,023",-,-,"3,604",10,19,1,3,0,0,5,405,6,0,0,0,67,-,-,-,-,"2,991",1,96,-,-,-,7,0,0,7,-,0,0,0,0,-,0,0,-,0,-,-,-,-,-,-,-,0,0,0,0
2011,계,"5,970",3,148,56,171,71,"5,521","44,028",0,97,19,42,"6,137",53,0,462,936,30,3,"36,249",-,-,"48,376",826,406,7,28,51,0,23,"5,151",49,19,0,0,370,690,235,40,29,"39,557",7,888,-,-,-,83,0,0,72,0,0,0,0,0,0,0,8,0,0,2,0,1,0,-,-,-,-,-,-,-
2011,1월,263,0,8,6,12,0,237,"3,937",0,2,1,0,349,2,0,28,56,1,0,"3,498",-,-,"2,368",7,8,0,2,0,0,2,37,0,0,0,0,16,30,15,2,4,"2,199",0,46,-,-,-,6,0,0,6,0,0,0,0,0,0,0,0,0,0,0,0,0,0,-,-,-,-,-,-,-
2011,2월,458,0,20,7,19,2,410,"2,698",0,2,0,0,252,3,0,22,52,0,0,"2,367",-,-,"2,814",10,15,0,3,0,0,0,11,1,1,0,0,10,29,12,3,0,"2,650",0,69,-,-,-,5,0,0,5,0,0,0,0,0,0,0,0,0,0,0,0,0,0,-,-,-,-,-,-,-
2011,3월,878,0,16,6,8,3,845,"2,860",0,3,1,1,393,5,0,49,69,3,0,"2,336",-,-,"3,707",12,34,1,2,0,0,0,10,0,0,0,0,13,68,28,8,0,"3,467",0,64,-,-,-,1,0,0,1,0,0,0,0,0,0,0,0,0,0,0,0,0,0,-,-,-,-,-,-,-
2011,4월,764,0,10,10,24,1,719,"3,851",0,1,1,3,549,7,0,60,69,4,0,"3,157",-,-,"3,774",25,37,2,1,0,0,0,13,0,1,0,0,7,91,18,1,2,"3,529",0,47,-,-,-,3,0,0,1,0,0,0,0,0,0,0,1,0,0,1,0,0,0,-,-,-,-,-,-,-
2011,5월,866,0,10,3,16,3,834,"5,846",0,5,3,4,812,7,0,51,71,2,1,"4,890",-,-,"3,882",82,60,0,2,0,0,1,25,1,9,0,0,11,54,28,4,3,"3,520",0,82,-,-,-,2,0,0,1,0,0,0,0,0,0,0,0,0,0,1,0,0,0,-,-,-,-,-,-,-
2011,6월,827,0,16,6,7,7,791,"5,384",0,7,2,8,820,6,0,41,92,2,0,"4,406",-,-,"4,210",170,52,2,7,2,0,1,24,0,2,0,0,17,62,26,3,2,"3,768",0,72,-,-,-,7,0,0,5,0,0,0,0,0,0,0,2,0,0,0,0,0,0,-,-,-,-,-,-,-
2011,7월,590,1,14,1,16,23,535,"3,096",0,5,2,14,513,5,0,33,70,5,0,"2,449",-,-,"4,125",205,39,1,4,4,0,2,18,0,0,0,0,16,67,20,1,5,"3,669",0,74,-,-,-,10,0,0,7,0,0,0,0,0,0,0,3,0,0,0,0,0,0,-,-,-,-,-,-,-
2011,8월,497,1,12,7,31,16,430,"1,907",0,20,3,7,348,4,0,25,95,2,0,"1,403",-,-,"4,257",164,17,0,3,21,0,4,28,2,1,0,0,13,62,19,4,1,"3,825",0,93,-,-,-,18,0,0,17,0,0,0,0,0,0,0,1,0,0,0,0,0,0,-,-,-,-,-,-,-
2011,9월,340,0,16,6,10,7,301,"1,683",0,12,0,1,411,4,0,30,100,1,1,"1,123",-,-,"3,578",92,18,0,2,20,0,3,77,14,2,0,0,35,52,22,5,4,"3,162",1,69,-,-,-,13,0,0,13,0,0,0,0,0,0,0,0,0,0,0,0,0,0,-,-,-,-,-,-,-
2011,10월,189,0,6,0,9,6,168,"2,415",0,7,3,1,507,2,0,35,87,4,1,"1,768",-,-,"5,311",43,30,1,0,3,0,5,"1,825",12,2,0,0,82,53,17,4,5,"3,147",2,80,-,-,-,7,0,0,7,0,0,0,0,0,0,0,0,0,0,0,0,0,0,-,-,-,-,-,-,-
2011,11월,152,0,4,2,10,2,134,"4,528",0,20,2,2,623,6,0,59,103,4,0,"3,709",-,-,"6,392",12,32,0,1,1,0,4,"2,718",15,0,0,0,96,63,15,2,1,"3,330",0,102,-,-,-,5,0,0,5,0,0,0,0,0,0,0,0,0,0,0,0,0,0,-,-,-,-,-,-,-
2011,12월,146,1,16,2,9,1,117,"5,823",0,13,1,1,560,2,0,29,72,2,0,"5,143",-,-,"3,958",4,64,0,1,0,0,1,365,4,1,0,0,54,59,15,3,2,"3,291",4,90,-,-,-,6,0,0,4,0,0,0,0,0,0,0,1,0,0,0,0,1,0,-,-,-,-,-,-,-
2012,계,"1,532",0,129,58,90,58,"1,197","38,306",0,230,17,3,"7,492",28,0,289,"2,438",26,20,"27,763",-,-,"51,907",542,968,4,25,64,0,41,"8,604",28,17,0,0,364,562,199,26,45,"39,545",5,868,-,-,-,163,0,0,149,0,0,0,0,0,0,0,10,1,0,3,0,0,0,-,-,-,-,-,-,-
2012,1월,141,0,13,2,11,1,114,"3,753",0,7,0,1,347,1,0,32,103,4,0,"3,258",-,-,"3,124",2,68,0,1,0,0,2,51,2,1,0,0,28,34,7,1,0,"2,890",1,36,-,-,-,4,0,0,4,0,0,0,0,0,0,0,0,0,0,0,0,0,0,-,-,-,-,-,-,-
2012,2월,157,0,16,3,11,2,125,"2,056",0,13,0,0,263,2,0,21,106,1,0,"1,650",-,-,"3,386",2,45,0,1,0,0,0,41,0,1,0,0,14,39,10,5,3,"3,145",0,80,-,-,-,8,0,0,7,0,0,0,0,0,0,0,1,0,0,0,0,0,0,-,-,-,-,-,-,-
2012,3월,189,0,11,9,10,1,158,"1,928",0,6,1,0,342,1,0,27,117,2,0,"1,432",-,-,"3,494",6,38,2,0,0,0,1,15,0,1,0,0,8,44,14,0,2,"3,311",0,52,-,-,-,6,0,0,5,0,0,0,0,0,0,0,1,0,0,0,0,0,0,-,-,-,-,-,-,-
2012,4월,155,0,12,1,4,1,137,"2,490",0,5,0,1,572,3,0,25,139,2,0,"1,743",-,-,"3,582",10,60,0,4,0,0,2,17,0,3,0,0,6,50,18,2,2,"3,355",0,53,-,-,-,7,0,0,6,0,0,0,0,0,0,0,1,0,0,0,0,0,0,-,-,-,-,-,-,-
2012,5월,150,0,12,3,6,4,125,"4,052",0,164,0,0,909,5,0,28,145,1,0,"2,800",-,-,"3,958",44,56,0,1,1,0,1,20,2,2,0,0,15,56,13,5,4,"3,649",0,89,-,-,-,5,0,0,3,0,0,0,0,0,0,0,2,0,0,0,0,0,0,-,-,-,-,-,-,-
2012,6월,167,0,14,3,7,6,137,"3,957",0,12,4,0,834,3,0,22,192,1,0,"2,889",-,-,"3,894",85,47,0,2,2,0,1,14,0,1,0,0,18,43,29,1,9,"3,562",0,80,-,-,-,11,0,0,9,0,0,0,0,0,0,0,2,0,0,0,0,0,0,-,-,-,-,-,-,-
2012,7월,136,0,10,5,6,20,95,"2,794",0,8,1,0,696,2,0,25,176,1,0,"1,885",-,-,"4,280",145,55,0,3,5,0,1,25,0,5,0,0,16,40,22,2,4,"3,889",1,67,-,-,-,23,0,0,20,0,0,0,0,0,0,0,2,0,0,1,0,0,0,-,-,-,-,-,-,-
2012,8월,106,0,7,7,7,10,75,"2,360",0,4,2,0,588,1,0,29,656,4,1,"1,075",-,-,"4,031",115,40,0,7,10,0,0,36,1,0,0,0,16,56,28,0,1,"3,626",1,94,-,-,-,27,0,0,26,0,0,0,0,0,0,0,0,0,0,1,0,0,0,-,-,-,-,-,-,-
2012,9월,90,0,9,9,5,4,63,"1,889",0,4,2,1,664,4,0,31,213,2,7,961,-,-,"3,489",79,40,0,1,28,0,1,102,5,0,0,0,17,54,16,3,4,"3,082",1,56,-,-,-,25,0,0,24,0,0,0,0,0,0,0,0,1,0,0,0,0,0,-,-,-,-,-,-,-
2012,10월,82,0,7,8,2,3,62,"2,680",0,3,3,0,760,3,0,25,172,4,10,"1,700",-,-,"7,153",36,104,0,2,16,0,12,"3,680",10,1,0,0,101,51,18,4,4,"3,026",0,88,-,-,-,18,0,0,18,0,0,0,0,0,0,0,0,0,0,0,0,0,0,-,-,-,-,-,-,-
2012,11월,86,0,9,5,14,2,56,"4,375",0,4,1,0,786,2,0,9,183,2,1,"3,387",-,-,"7,834",10,163,1,2,2,0,15,"4,341",8,2,0,0,94,54,14,1,7,"3,053",0,67,-,-,-,18,0,0,16,0,0,0,0,0,0,0,1,0,0,1,0,0,0,-,-,-,-,-,-,-
2012,12월,73,0,9,3,7,4,50,"5,972",0,0,3,0,731,1,0,15,236,2,1,"4,983",-,-,"3,682",8,252,1,1,0,0,5,262,0,0,0,0,31,41,10,2,5,"2,957",1,106,-,-,-,11,0,0,11,0,0,0,0,0,0,0,0,0,0,0,0,0,0,-,-,-,-,-,-,-
2013,계,"1,435",3,156,54,294,61,867,"57,969",0,36,22,107,"17,024",18,0,117,"3,211",59,14,"37,361",0,-,"53,124",445,"3,678",6,21,56,0,19,"10,365",50,16,0,0,527,566,210,22,34,"36,089",7,"1,013",-,-,-,314,0,0,252,0,0,0,0,0,0,0,11,0,0,11,0,2,2,36,-,-,-,-,-,-
2013,1월,106,0,17,4,10,3,72,"4,387",0,2,0,0,563,0,0,8,251,3,0,"3,560",0,-,"3,319",4,237,0,1,0,0,2,25,0,0,0,0,20,42,10,2,4,"2,971",1,-,-,-,-,14,0,0,14,0,0,0,0,0,0,0,0,0,0,0,0,0,0,-,-,-,-,-,-,-
2013,2월,100,0,10,4,8,4,74,"2,649",0,1,0,1,410,0,0,11,218,8,0,"2,000",0,-,"3,027",6,262,0,3,0,0,0,16,0,1,0,0,11,36,6,1,4,"2,681",0,-,-,-,-,13,0,0,13,0,0,0,0,0,0,0,0,0,0,0,0,0,0,-,-,-,-,-,-,-
2013,3월,104,0,8,4,8,1,83,"2,654",0,3,0,0,543,0,0,10,226,4,0,"1,868",0,-,"3,374",8,205,1,0,0,0,1,6,0,0,0,0,15,37,11,2,2,"3,085",1,-,-,-,-,9,0,0,8,0,0,0,0,0,0,0,1,0,0,0,0,0,0,-,-,-,-,-,-,-
2013,4월,118,0,24,3,1,0,90,"4,051",0,2,3,3,"1,040",1,0,4,180,2,0,"2,816",0,-,"3,812",15,330,1,2,0,0,1,9,0,3,0,0,5,43,17,1,4,"3,381",0,-,-,-,-,7,0,0,7,0,0,0,0,0,0,0,0,0,0,0,0,0,0,-,-,-,-,-,-,-
2013,5월,133,0,23,8,8,5,89,"6,403",0,2,0,21,"1,551",1,0,10,190,1,0,"4,627",0,-,"3,867",53,427,2,2,0,0,2,30,2,2,0,0,17,48,17,2,3,"3,258",2,-,-,-,-,18,0,0,10,0,0,0,0,0,0,0,0,0,0,1,0,0,0,7,-,-,-,-,-,-
2013,6월,103,0,13,3,17,10,60,"5,737",0,3,2,41,"1,788",4,0,7,179,1,0,"3,712",0,-,"3,478",77,329,0,3,0,0,1,31,2,1,0,0,22,45,13,0,5,"2,947",2,-,-,-,-,22,0,0,15,0,0,0,0,0,0,0,2,0,0,1,0,0,0,4,-,-,-,-,-,-
2013,7월,133,0,10,4,22,7,90,"4,111",0,2,7,8,"1,569",5,0,14,202,6,0,"2,298",0,-,"4,019",95,219,0,3,5,0,1,39,0,3,0,0,23,51,26,2,2,"3,550",0,-,-,-,-,53,0,0,37,0,0,0,0,0,0,0,2,0,0,1,0,2,1,10,-,-,-,-,-,-
2013,8월,116,1,13,9,15,15,63,"2,729",0,3,1,4,"1,173",0,0,11,204,2,1,"1,330",0,-,"3,415",69,129,0,1,12,0,1,26,5,1,0,0,29,49,25,1,3,"3,064",0,-,-,-,-,68,0,0,58,0,0,0,0,0,0,0,2,0,0,1,0,0,1,6,-,-,-,-,-,-
2013,9월,92,0,8,5,5,3,71,"3,009",0,4,1,7,"1,514",3,0,7,150,1,7,"1,315",0,-,"3,008",58,159,1,2,23,0,1,75,10,1,0,0,29,44,21,4,3,"2,577",0,-,-,-,-,40,0,0,34,0,0,0,0,0,0,0,1,0,0,3,0,0,0,2,-,-,-,-,-,-
2013,10월,79,0,2,4,2,9,62,"4,057",0,3,3,18,"1,756",1,0,10,245,3,3,"2,015",0,-,"7,291",49,285,0,2,15,0,3,"3,656",19,2,0,0,150,57,28,1,3,"3,021",0,-,-,-,-,39,0,0,33,0,0,0,0,0,0,0,1,0,0,0,0,0,0,5,-,-,-,-,-,-
2013,11월,166,0,8,3,90,2,63,"7,811",0,7,3,0,"2,498",2,0,12,816,21,3,"4,449",0,-,"9,423",10,388,0,2,1,0,4,"6,042",11,2,0,0,154,61,15,3,1,"2,729",0,-,-,-,-,20,0,0,14,0,0,0,0,0,0,0,1,0,0,3,0,0,0,2,-,-,-,-,-,-
2013,12월,185,2,20,3,108,2,50,"10,371",0,4,2,4,"2,619",1,0,13,350,7,0,"7,371",0,-,"4,078",1,708,1,0,0,0,2,410,1,0,0,0,52,53,21,3,0,"2,825",1,-,-,-,-,11,0,0,9,0,0,0,0,0,0,0,1,0,0,1,0,0,0,0,-,-,-,-,-,-
2014,계,"1,816",0,251,37,110,111,"1,307","74,477",0,88,23,442,"25,286",11,0,173,"3,912",30,26,"44,450",0,36,"52,128",638,"5,809",5,30,61,0,9,"8,130",58,8,0,0,344,726,258,31,65,"34,869",6,"1,081",-,-,-,245,0,0,165,0,0,1,0,0,0,0,8,0,0,13,0,2,1,55,-,-,-,-,-,-
2014,1월,93,0,9,3,26,2,53,"6,685",0,4,2,2,"1,472",0,0,12,392,0,0,"4,801",0,0,"3,354",4,560,0,0,0,0,2,34,1,0,0,0,27,60,16,2,4,"2,644",0,-,-,-,-,16,0,0,13,0,0,0,0,0,0,0,3,0,0,0,0,0,0,0,-,-,-,-,-,-
2014,2월,118,0,14,3,7,3,91,"3,638",0,1,3,20,902,0,0,15,374,1,0,"2,322",0,0,"3,211",10,514,1,2,0,0,0,12,1,0,0,0,8,41,14,1,4,"2,603",0,-,-,-,-,9,0,0,8,0,0,0,0,0,0,0,1,0,0,0,0,0,0,0,-,-,-,-,-,-
2014,3월,158,0,26,4,2,1,125,"3,494",0,1,2,54,"1,166",1,0,14,306,3,0,"1,947",0,0,"3,616",5,530,0,1,0,0,0,19,0,1,0,0,9,52,20,3,4,"2,972",0,-,-,-,-,5,0,0,5,0,0,0,0,0,0,0,0,0,0,0,0,0,0,0,-,-,-,-,-,-
2014,4월,193,0,26,1,4,2,160,"5,535",0,10,0,83,"2,003",3,0,16,306,1,0,"3,113",0,0,"4,033",15,556,1,3,0,0,0,27,0,1,0,0,3,63,13,2,3,"3,346",0,-,-,-,-,8,0,0,6,0,0,0,0,0,0,0,0,0,0,0,0,1,0,1,-,-,-,-,-,-
2014,5월,287,0,44,3,5,32,203,"8,158",0,5,3,192,"2,438",0,0,13,286,2,0,"5,219",0,0,"3,789",28,512,0,0,1,0,0,45,1,1,0,0,8,51,15,2,4,"3,120",1,-,-,-,-,13,0,0,10,0,0,0,0,0,0,0,1,0,0,0,0,0,0,2,-,-,-,-,-,-
2014,6월,214,0,35,3,3,13,160,"6,228",0,3,5,50,"2,287",2,0,10,277,5,1,"3,588",0,0,"3,669",107,444,0,4,2,0,0,27,0,1,0,0,15,43,27,2,2,"2,994",1,-,-,-,-,24,0,0,14,0,0,0,0,0,0,0,1,0,0,2,0,0,0,7,-,-,-,-,-,-
2014,7월,169,0,25,3,9,22,110,"5,426",0,7,0,31,"2,395",1,0,23,409,0,0,"2,560",0,0,"3,950",163,426,0,4,6,0,1,37,1,1,0,0,9,78,32,3,8,"3,180",1,-,-,-,-,46,0,0,32,0,0,0,0,0,0,0,0,0,0,3,0,0,0,11,-,-,-,-,-,-
2014,8월,145,0,11,4,9,20,101,"3,825",0,11,3,4,"1,804",0,0,10,326,3,0,"1,664",0,0,"3,550",142,287,1,3,10,0,1,47,4,0,0,0,13,68,21,2,0,"2,950",1,-,-,-,-,36,0,0,26,0,0,0,0,0,0,0,0,0,0,1,0,0,0,9,-,-,-,-,-,-
2014,9월,118,0,12,4,4,4,94,"4,431",0,16,2,5,"2,303",2,0,12,306,2,9,"1,774",0,0,"3,678",92,322,0,6,32,0,1,259,16,1,0,0,32,61,35,5,6,"2,810",0,-,-,-,-,25,0,0,11,0,0,1,0,0,0,0,0,0,0,2,0,0,0,11,-,-,-,-,-,-
2014,10월,114,0,8,1,23,3,79,"5,338",0,10,2,1,"2,439",1,0,13,301,5,13,"2,549",0,4,"7,393",47,469,0,5,9,0,4,"4,066",17,0,0,0,60,65,24,4,7,"2,616",0,-,-,-,-,35,0,0,18,0,0,0,0,0,0,0,0,0,0,3,0,1,1,12,-,-,-,-,-,-
2014,11월,102,0,15,6,5,5,71,"9,190",0,11,1,0,"2,916",1,0,20,283,3,3,"5,940",0,12,"6,783",10,523,1,0,0,0,0,"3,302",13,1,0,0,82,69,22,3,9,"2,746",2,-,-,-,-,21,0,0,17,0,0,0,0,0,0,0,0,0,0,2,0,0,0,2,-,-,-,-,-,-
2014,12월,105,0,26,2,13,4,60,"12,529",0,9,0,0,"3,161",0,0,15,346,5,0,"8,973",0,20,"4,021",15,666,1,2,1,0,0,255,4,1,0,0,78,75,19,2,14,"2,888",0,-,-,-,-,7,0,0,5,0,0,0,0,0,0,0,2,0,0,0,0,0,0,0,-,-,-,-,-,-
2015,계,"2,128",0,121,44,88,71,"1,804","73,957",0,205,22,7,"23,448",11,0,155,"3,468",43,40,"46,330",0,228,"52,050",699,"7,002",6,45,37,0,15,"9,513",104,5,0,0,384,720,253,33,33,"32,181",2,"1,018",-,-,-,561,0,0,255,0,0,0,0,0,0,0,27,0,0,9,0,4,2,79,185,-,-,-,-,-
2015,1월,117,0,11,2,6,0,98,"8,642",0,11,1,0,"2,272",1,0,10,355,4,0,"5,971",0,17,"3,349",8,594,1,5,0,0,0,37,2,0,0,0,13,55,12,2,3,"2,617",0,-,-,-,-,13,0,0,11,0,0,0,0,0,0,0,2,0,0,0,0,0,0,0,0,-,-,-,-,-
2015,2월,195,0,11,3,5,0,176,"4,912",0,16,0,0,"1,406",1,0,13,274,2,0,"3,176",0,24,"2,719",5,473,0,3,0,0,0,18,4,0,0,0,7,55,12,1,3,"2,138",0,-,-,-,-,14,0,0,12,0,0,0,0,0,0,0,1,0,0,1,0,0,0,0,0,-,-,-,-,-
2015,3월,244,0,11,6,6,5,216,"4,692",0,6,1,4,"1,774",2,0,10,352,7,0,"2,497",0,39,"3,706",8,585,1,2,0,0,0,34,4,1,0,0,14,65,25,4,3,"2,959",1,-,-,-,-,23,0,0,15,0,0,0,0,0,0,0,7,0,0,0,0,1,0,0,0,-,-,-,-,-
2015,4월,211,0,7,3,5,2,194,"6,323",0,9,3,1,"2,387",1,0,17,312,5,0,"3,556",0,32,"3,765",37,646,0,2,0,0,1,35,0,0,0,0,10,66,16,1,4,"2,947",0,-,-,-,-,12,0,0,10,0,0,0,0,0,0,0,1,0,0,0,0,1,0,0,0,-,-,-,-,-
2015,5월,200,0,17,3,13,5,162,"7,920",0,19,3,0,"2,800",0,0,6,283,6,0,"4,784",0,19,"3,621",84,662,1,4,0,0,1,51,2,0,0,0,25,55,15,4,3,"2,713",1,-,-,-,-,41,0,0,15,0,0,0,0,0,0,0,1,0,0,0,0,0,0,7,18,-,-,-,-,-
2015,6월,210,0,12,4,9,29,156,"6,861",0,19,2,1,"2,746",0,0,15,276,2,0,"3,780",0,20,"3,686",129,575,2,2,5,0,1,78,1,0,0,0,19,60,20,4,0,"2,790",0,-,-,-,-,185,0,0,10,0,0,0,0,0,0,0,0,0,0,0,0,1,0,10,164,-,-,-,-,-
2015,7월,208,0,8,4,9,8,179,"4,701",0,58,6,1,"1,733",1,0,15,310,3,0,"2,569",0,5,"3,650",151,530,0,3,5,0,3,41,3,1,0,0,20,66,31,3,6,"2,787",0,-,-,-,-,49,0,0,22,0,0,0,0,0,0,0,6,0,0,1,0,0,1,16,3,-,-,-,-,-
2015,8월,197,0,8,3,13,7,166,"3,214",0,20,2,0,"1,199",1,0,11,271,3,5,"1,693",0,9,"3,222",146,298,0,4,4,0,0,65,9,0,0,0,22,64,26,1,6,"2,577",0,-,-,-,-,51,0,0,36,0,0,0,0,0,0,0,0,0,0,2,0,0,0,13,0,-,-,-,-,-
2015,9월,172,0,7,6,9,5,145,"3,514",0,15,1,0,"1,676",0,0,8,237,2,13,"1,555",0,7,"3,308",79,351,0,0,17,0,0,151,14,0,0,0,19,66,22,4,2,"2,583",0,-,-,-,-,44,0,0,24,0,0,0,0,0,0,0,3,0,0,1,0,0,0,16,0,-,-,-,-,-
2015,10월,151,0,5,8,5,6,127,"5,050",0,9,0,0,"1,894",0,0,10,252,5,18,"2,845",0,17,"6,720",36,440,1,5,5,0,4,"3,425",27,1,0,0,76,59,26,3,1,"2,611",0,-,-,-,-,58,0,0,41,0,0,0,0,0,0,0,2,0,0,0,0,0,0,15,0,-,-,-,-,-
2015,11월,123,0,9,1,2,3,108,"7,939",0,14,2,0,"1,928",3,0,16,250,1,4,"5,705",0,16,"8,665",7,771,0,8,1,0,3,"5,070",26,1,0,0,99,51,24,3,1,"2,600",0,-,-,-,-,47,0,0,39,0,0,0,0,0,0,0,2,0,0,3,0,1,0,2,0,-,-,-,-,-
2015,12월,100,0,15,1,6,1,77,"10,189",0,9,1,0,"1,633",1,0,24,296,3,0,"8,199",0,23,"4,621",9,"1,077",0,7,0,0,2,508,12,1,0,0,60,58,24,3,1,"2,859",0,-,-,-,-,24,0,0,20,0,0,0,0,0,0,0,2,0,0,1,0,0,1,0,0,-,-,-,-,-
2016,계,"5,077",4,121,56,113,104,"4,679","72,127",0,129,24,18,"17,057",11,0,359,-,-,28,"54,060",0,441,"58,161",673,"11,911",6,128,56,0,18,"11,105",117,4,0,0,575,"1,067",481,21,43,"30,892",4,"1,060",-,-,-,616,0,0,313,0,0,0,0,0,0,0,81,0,0,27,0,4,10,165,0,16,-,-,-,-
2016,1월,187,0,14,1,8,2,162,"7,177",0,10,2,0,"1,062",0,0,25,-,-,0,"6,047",0,31,"3,410",6,850,0,11,0,0,0,81,7,1,0,0,32,84,27,1,2,"2,308",0,-,-,-,-,36,0,0,32,0,0,0,0,0,0,0,2,0,0,1,0,1,0,0,0,0,-,-,-,-
2016,2월,358,0,9,2,6,2,339,"4,021",0,14,0,2,805,1,0,28,-,-,0,"3,109",0,62,"3,321",4,850,2,9,1,0,0,68,4,0,0,0,17,76,29,3,3,"2,254",1,-,-,-,-,42,0,0,36,0,0,0,0,0,0,0,3,0,0,0,0,0,2,1,0,0,-,-,-,-
2016,3월,762,0,12,6,10,3,731,"4,095",0,8,1,2,"1,097",1,0,34,-,-,0,"2,902",0,50,"3,949",5,928,1,11,0,0,0,60,3,1,0,0,12,85,43,0,1,"2,798",1,-,-,-,-,40,0,0,32,0,0,0,0,0,0,0,5,0,0,1,0,1,0,0,0,1,-,-,-,-
2016,4월,608,0,8,6,4,5,585,"5,875",0,6,2,1,"1,652",2,0,25,-,-,0,"4,132",0,55,"3,939",29,912,0,6,0,0,3,101,3,0,0,0,18,106,36,3,11,"2,711",0,-,-,-,-,31,0,0,23,0,0,0,0,0,0,0,3,0,0,1,0,0,0,3,0,1,-,-,-,-
2016,5월,690,0,10,5,11,8,656,"7,864",0,9,2,0,"2,090",1,0,32,-,-,0,"5,691",0,39,"4,396",74,"1,141",0,9,0,0,1,191,3,1,0,0,35,94,27,4,4,"2,812",0,-,-,-,-,33,0,0,18,0,0,0,0,0,0,0,3,0,0,0,0,0,0,10,0,2,-,-,-,-
2016,6월,437,0,17,5,6,18,391,"6,767",0,8,1,0,"1,919",0,0,39,-,-,0,"4,751",0,49,"4,500",142,"1,180",1,8,2,0,3,202,7,0,0,0,39,92,43,1,3,"2,777",0,-,-,-,-,52,0,0,22,0,0,0,0,0,0,0,10,0,0,3,0,1,2,13,0,1,-,-,-,-
2016,7월,284,0,7,7,14,24,232,"4,948",0,4,4,0,"1,499",2,0,36,-,-,0,"3,376",0,27,"4,216",162,971,0,11,5,0,2,98,8,0,0,0,26,100,56,0,3,"2,774",0,-,-,-,-,68,0,0,39,0,0,0,0,0,0,0,6,0,0,2,0,0,0,18,0,3,-,-,-,-
2016,8월,263,3,12,11,14,12,211,"3,575",0,18,3,0,"1,150",1,0,28,-,-,1,"2,360",0,14,"3,861",110,596,0,11,20,0,2,96,13,1,0,0,37,91,58,1,4,"2,820",1,-,-,-,-,70,0,0,42,0,0,0,0,0,0,0,3,0,0,4,0,1,0,18,0,2,-,-,-,-
2016,9월,287,1,6,4,12,11,253,"3,631",0,8,5,8,"1,263",0,0,29,-,-,11,"2,291",0,16,"3,580",87,709,0,19,17,0,1,227,24,0,0,0,45,78,48,1,3,"2,321",0,-,-,-,-,78,0,0,24,0,0,0,0,0,0,0,11,0,0,2,0,0,4,34,0,3,-,-,-,-
2016,10월,370,0,10,4,7,6,343,"5,214",0,14,0,4,"1,478",0,0,16,-,-,14,"3,665",0,23,"5,849",34,966,1,5,9,0,3,"2,150",23,0,0,0,87,82,34,0,5,"2,450",0,-,-,-,-,86,0,0,13,0,0,0,0,0,0,0,7,0,0,3,0,0,1,62,0,0,-,-,-,-
2016,11월,385,0,4,2,7,11,361,"9,116",0,12,2,1,"1,633",3,0,35,-,-,2,"7,395",0,33,"11,186",14,"1,273",1,15,1,0,2,"7,121",17,0,0,0,145,87,50,1,1,"2,458",0,-,-,-,-,54,0,0,18,0,0,0,0,0,0,0,20,0,0,7,0,0,1,6,0,2,-,-,-,-
2016,12월,446,0,12,3,14,2,415,"9,844",0,18,2,0,"1,409",0,0,32,-,-,0,"8,341",0,42,"4,894",6,"1,535",0,13,1,0,1,710,5,0,0,0,82,92,30,6,3,"2,409",1,-,-,-,-,26,0,0,14,0,0,0,0,0,0,0,8,0,0,3,0,0,0,0,0,1,-,-,-,-
2017,계,"4,875",5,128,73,112,138,"4,419","98,308",0,318,34,7,"16,924",7,0,391,-,-,9,"80,092",3,523,"78,271",515,"22,838",17,198,46,0,18,"10,528",103,6,0,0,531,"1,454",684,10,38,"28,161",3,"1,008","6,396",0,"5,717",588,0,0,171,0,0,0,0,0,0,0,96,0,0,31,0,2,5,272,0,11,-,-,-,-
2017,1월,419,0,6,5,12,3,393,"6,980",0,18,1,1,977,0,0,20,-,-,1,"5,914",0,48,"3,812",7,"1,318",1,14,0,0,0,65,4,0,0,0,39,78,37,0,2,"2,247",0,-,0,0,0,12,0,0,8,0,0,0,0,0,0,0,1,0,0,2,0,0,0,0,0,1,-,-,-,-
2017,2월,451,2,8,4,13,5,419,"5,064",0,8,0,0,860,0,0,29,-,-,0,"4,130",0,37,"3,742",7,"1,490",0,11,0,0,0,24,2,1,0,0,14,88,25,1,3,"2,075",1,-,0,0,0,19,0,0,12,0,0,0,0,0,0,0,5,0,0,2,0,0,0,0,0,0,-,-,-,-
2017,3월,473,0,11,6,10,4,442,"5,284",0,10,1,2,"1,256",1,0,25,-,-,0,"3,948",0,41,"4,391",2,"1,641",6,11,0,0,0,32,1,0,0,0,19,113,50,0,2,"2,514",0,-,0,0,0,18,0,0,7,0,0,0,0,0,0,0,8,0,0,1,0,0,1,0,0,1,-,-,-,-
2017,4월,503,0,6,3,7,6,481,"8,026",0,11,2,0,"1,684",1,0,37,-,-,0,"6,231",1,59,"5,589",9,"2,956",0,10,1,0,1,81,1,1,0,0,28,89,44,1,3,"2,364",0,-,0,0,0,16,0,0,8,0,0,0,0,0,0,0,6,0,0,2,0,0,0,0,0,0,-,-,-,-
2017,5월,590,0,15,7,7,11,550,"11,547",0,12,2,1,"2,141",0,0,38,-,-,0,"9,288",0,65,"5,800",37,"3,015",4,10,0,0,3,162,5,0,0,0,28,120,48,1,4,"2,363",0,-,0,0,0,33,0,0,5,0,0,0,0,0,0,0,10,0,0,2,0,0,0,15,0,1,-,-,-,-
2017,6월,488,1,16,7,4,20,440,"9,802",0,30,5,0,"1,921",0,0,39,-,-,0,"7,763",1,43,"7,629",86,"2,743",2,14,1,0,3,183,6,0,0,0,40,108,63,2,5,"2,563",2,-,"1,026",0,782,68,0,0,17,0,0,0,0,0,0,0,13,0,0,3,0,0,0,34,0,1,-,-,-,-
2017,7월,396,0,11,4,8,23,350,"6,749",0,31,2,0,"1,454",0,0,33,-,-,0,"5,206",0,23,"6,532",133,"1,627",0,22,2,0,2,182,7,0,0,0,34,103,63,0,3,"2,433",0,-,"1,031",0,890,78,0,0,18,0,0,0,0,0,0,0,11,0,0,4,0,0,0,45,0,0,-,-,-,-
2017,8월,384,1,24,14,13,21,311,"4,840",0,39,7,0,"1,140",2,0,29,-,-,2,"3,601",0,20,"6,056",112,958,0,23,13,0,1,171,12,0,0,0,40,127,81,1,1,"2,584",0,-,950,0,982,94,0,0,28,0,0,0,0,0,0,0,11,0,0,6,0,0,0,47,0,2,-,-,-,-
2017,9월,308,0,12,5,5,21,265,"5,809",0,37,5,0,"1,389",0,0,28,-,-,1,"4,333",0,16,"6,116",76,"1,431",1,20,19,0,0,340,16,0,0,0,41,111,83,1,6,"2,304",0,-,813,0,854,93,0,0,25,0,0,0,0,0,0,0,13,0,0,3,0,1,1,49,0,1,-,-,-,-
2017,10월,308,1,5,6,11,5,280,"7,886",0,42,1,1,"1,381",0,0,38,-,-,5,"6,375",0,43,"8,641",35,"1,491",1,22,9,0,5,"3,250",16,2,0,0,91,168,72,0,5,"2,013",0,-,696,0,765,108,0,0,19,0,0,0,0,0,0,0,4,0,0,3,0,1,1,79,0,1,-,-,-,-
2017,11월,287,0,3,9,9,11,255,"12,702",0,49,4,2,"1,482",2,0,36,-,-,0,"11,065",1,61,"11,738",4,"1,848",1,21,1,0,3,"5,542",27,1,0,0,105,198,64,0,3,"2,337",0,-,865,0,718,23,0,0,8,0,0,0,0,0,0,0,7,0,0,2,0,0,2,3,0,1,-,-,-,-
2017,12월,268,0,11,3,13,8,233,"13,619",0,31,4,0,"1,239",1,0,39,-,-,0,"12,238",0,67,"7,217",7,"2,320",1,20,0,0,0,496,6,1,0,0,52,151,54,3,1,"2,364",0,-,"1,015",0,726,26,0,0,16,0,0,0,0,0,0,0,7,0,0,1,0,0,0,0,0,2,-,-,-,-
2018,계,"3,011",2,213,47,191,121,"2,437","117,811",0,980,31,15,"19,237",0,0,392,-,-,17,"96,467",2,670,"76,486",576,"15,777",14,305,47,0,16,"6,668",118,5,0,0,433,"1,571",680,29,54,"26,433",6,989,"10,811",0,"11,954",613,0,0,159,0,0,0,0,0,0,0,163,0,0,23,0,2,3,259,1,3,-,-,-,-
2018,1월,377,0,30,3,47,4,293,"8,360",0,51,1,2,"1,027",0,0,31,-,-,0,"7,128",0,120,"6,609",7,"1,862",1,22,0,0,0,91,1,0,0,0,21,139,67,4,7,"2,436",0,-,"1,068",0,883,22,0,0,7,0,0,0,0,0,0,0,14,0,0,1,0,0,0,0,0,0,-,-,-,-
2018,2월,343,0,34,2,22,2,283,"4,810",0,44,1,0,901,0,0,27,-,-,0,"3,758",0,79,"5,488",6,"1,671",0,15,0,0,0,41,2,0,0,0,13,135,31,5,5,"2,049",0,-,771,0,744,12,0,0,5,0,0,0,0,0,0,0,7,0,0,0,0,0,0,0,0,0,-,-,-,-
2018,3월,309,0,27,2,13,6,261,"5,835",0,36,1,2,"1,429",0,0,35,-,-,0,"4,283",0,49,"6,246",3,"1,754",5,32,0,0,1,65,0,0,0,0,8,163,58,2,3,"2,333",1,-,959,0,859,19,0,0,6,0,0,0,0,0,0,0,12,0,0,1,0,0,0,0,0,0,-,-,-,-
2018,4월,304,0,38,3,7,12,244,"9,553",0,30,2,0,"2,100",0,0,34,-,-,0,"7,323",1,63,"6,593",30,"2,074",1,26,1,0,1,169,5,1,0,0,18,132,61,0,7,"2,217",1,-,948,0,901,36,0,0,14,0,0,0,0,0,0,0,16,0,0,1,0,0,1,4,0,0,-,-,-,-
2018,5월,256,0,10,1,4,1,240,"15,823",0,42,4,5,"2,796",0,0,31,-,-,0,"12,875",1,69,"6,692",59,"1,912",1,25,0,0,0,296,4,0,0,0,27,154,70,2,6,"2,302",0,-,919,0,915,48,0,0,8,0,0,0,0,0,0,0,16,0,0,3,0,0,0,21,0,0,-,-,-,-
2018,6월,192,0,13,3,9,19,148,"13,382",0,67,7,2,"2,510",0,0,37,-,-,0,"10,716",0,43,"6,215",129,"1,479",0,21,2,0,1,234,4,0,0,0,44,129,59,2,4,"2,269",2,-,831,0,"1,005",94,0,0,15,0,0,0,0,0,0,0,26,0,0,2,0,0,2,49,0,0,-,-,-,-
2018,7월,232,2,8,4,25,27,166,"10,792",0,169,4,0,"1,730",0,0,42,-,-,1,"8,820",0,26,"6,431",137,"1,229",1,31,7,0,0,232,15,1,0,0,45,157,60,3,3,"2,314",0,-,"1,055",0,"1,141",88,0,0,17,0,0,0,0,0,0,0,16,0,0,3,0,1,0,49,0,2,-,-,-,-
2018,8월,204,0,9,7,29,22,137,"7,377",0,158,4,0,"1,383",0,0,31,-,-,3,"5,770",0,28,"5,600",92,666,1,20,16,0,3,133,8,1,0,0,36,116,66,6,6,"2,199",0,-,938,0,"1,293",70,0,0,24,0,0,0,0,0,0,0,15,0,0,2,0,0,0,29,0,0,-,-,-,-
2018,9월,168,0,8,8,6,7,139,"5,853",0,111,1,0,"1,243",0,0,30,-,-,12,"4,441",0,15,"4,786",53,694,2,29,10,0,0,193,22,2,0,0,33,83,42,0,3,"1,805",0,-,700,0,"1,115",63,0,0,10,0,0,0,0,0,0,0,9,0,0,4,0,0,0,39,1,0,-,-,-,-
2018,10월,202,0,14,7,11,10,160,"7,865",0,114,2,0,"1,375",0,0,34,-,-,1,"6,297",0,42,"7,197",46,810,1,29,11,0,2,"1,908",22,0,0,0,73,122,46,1,4,"2,102",0,-,861,0,"1,159",96,0,0,16,0,0,0,0,0,0,0,11,0,0,2,0,0,0,67,0,0,-,-,-,-
2018,11월,190,0,12,5,8,4,161,"12,883",0,85,2,0,"1,418",0,0,24,-,-,0,"11,299",0,55,"8,265",7,842,1,21,0,0,3,"2,995",30,0,0,0,71,119,61,3,4,"2,254",1,-,878,0,975,41,0,0,21,0,0,0,0,0,0,0,15,0,0,2,0,1,0,1,0,1,-,-,-,-
2018,12월,234,0,10,2,10,7,205,"15,278",0,73,2,4,"1,325",0,0,36,-,-,0,"13,757",0,81,"5,375",7,784,0,34,0,0,5,311,5,0,0,0,44,122,59,1,2,"2,153",1,-,883,0,964,24,0,0,16,0,0,0,0,0,0,0,6,0,0,2,0,0,0,0,0,0,-,-,-,-
2019,계,"18,045",1,94,55,151,146,"17,598","100,513",0,496,31,194,"15,967",8,0,389,-,-,34,"82,868",0,526,"65,055",559,"7,562",16,501,42,0,14,"4,005",138,1,0,0,399,"1,176",554,23,53,"23,821",4,"1,005","9,810",3,"15,369",709,0,0,273,0,0,1,0,0,0,0,162,0,0,23,0,8,16,223,0,3,-,-,-,-
2019,1월,466,0,14,2,17,4,429,"11,077",0,58,0,39,"1,102",0,0,27,-,-,0,"9,801",0,50,"5,266",6,678,4,36,0,0,0,49,6,1,0,0,16,124,60,4,3,"2,227",0,-,874,0,"1,178",30,0,0,15,0,0,0,0,0,0,0,9,0,0,4,0,0,1,0,0,1,-,-,-,-
2019,2월,612,0,15,3,3,3,588,"6,616",0,38,2,30,911,1,0,25,-,-,0,"5,562",0,47,"4,166",5,629,1,28,0,0,0,33,2,0,0,0,16,92,39,1,7,"1,708",0,-,676,0,929,34,0,0,22,0,0,0,0,0,0,0,9,0,0,0,0,1,2,0,0,0,-,-,-,-
2019,3월,"1,256",0,12,1,5,3,"1,235","6,050",0,30,1,25,"1,246",0,0,31,-,-,0,"4,679",0,38,"4,700",4,702,1,29,0,0,0,46,5,0,0,0,14,97,37,3,5,"1,935",1,-,851,0,970,18,0,0,5,0,0,0,0,0,0,0,12,0,0,1,0,0,0,0,0,0,-,-,-,-
2019,4월,"1,735",0,13,11,4,8,"1,699","8,627",0,27,4,56,"1,565",2,0,26,-,-,0,"6,889",0,58,"5,139",10,752,0,21,0,0,0,73,3,0,0,0,19,115,36,3,4,"2,147",0,-,870,0,"1,086",44,0,0,12,0,0,0,0,0,0,0,27,0,0,1,0,1,2,1,0,0,-,-,-,-
2019,5월,"2,303",0,6,6,6,13,"2,272","11,470",0,43,8,12,"2,056",1,0,41,-,-,0,"9,256",0,53,"5,408",38,788,2,37,0,0,0,112,6,0,0,0,18,104,50,0,1,"2,164",1,-,916,0,"1,171",32,0,0,6,0,0,0,0,0,0,0,13,0,0,2,0,0,0,11,0,0,-,-,-,-
2019,6월,"2,306",0,6,9,32,18,"2,241","10,114",0,36,2,7,"1,988",0,0,40,-,-,0,"7,998",0,43,"4,972",111,698,0,41,1,0,3,107,3,0,0,0,31,85,44,2,4,"1,916",1,-,802,0,"1,123",71,0,0,18,0,0,1,0,0,0,0,14,0,0,3,0,1,0,34,0,0,-,-,-,-
2019,7월,"2,566",0,10,8,12,23,"2,513","8,930",0,46,4,7,"1,590",2,0,31,-,-,0,"7,217",0,33,"5,903",154,742,4,45,2,0,1,119,13,0,0,0,31,106,59,4,5,"2,165",1,-,930,1,"1,521",100,0,0,30,0,0,0,0,0,0,0,18,0,0,4,0,0,2,46,0,0,-,-,-,-
2019,8월,"2,786",0,5,3,7,26,"2,745","5,472",0,31,1,5,"1,112",0,0,32,-,-,3,"4,263",0,25,"5,590",114,464,0,71,14,0,0,160,16,0,0,0,18,107,49,1,7,"2,032",0,-,823,0,"1,714",125,0,0,55,0,0,0,0,0,0,0,12,0,0,5,0,3,4,45,0,1,-,-,-,-
2019,9월,"2,073",0,5,4,15,19,"2,030","4,749",0,30,4,0,"1,205",0,0,31,-,-,15,"3,440",0,24,"4,971",64,498,0,47,14,0,1,174,17,0,0,0,34,92,49,1,3,"1,813",0,-,699,1,"1,464",84,0,0,36,0,0,0,0,0,0,0,7,0,0,2,0,0,3,35,0,1,-,-,-,-
2019,10월,"1,200",1,2,4,9,18,"1,166","6,167",0,43,1,9,"1,125",2,0,38,-,-,13,"4,891",0,45,"5,617",39,504,2,54,5,0,3,489,27,0,0,0,64,78,48,0,5,"1,915",0,-,747,0,"1,637",109,0,0,34,0,0,0,0,0,0,0,22,0,0,1,0,0,1,51,0,0,-,-,-,-
2019,11월,407,0,2,1,16,6,382,"9,185",0,44,2,2,"1,096",0,0,33,-,-,2,"7,952",0,54,"7,070",8,531,0,41,6,0,4,"2,283",29,0,0,0,86,82,47,2,4,"1,851",0,-,786,1,"1,309",39,0,0,24,0,0,0,0,0,0,0,13,0,0,0,0,1,1,0,0,0,-,-,-,-
2019,12월,335,0,4,3,25,5,298,"12,056",0,70,2,2,971,0,0,34,-,-,1,"10,920",0,56,"5,248",6,576,2,51,0,0,2,360,11,0,0,0,52,94,36,2,5,"1,948",0,-,836,0,"1,267",23,0,0,16,0,0,0,0,0,0,0,6,0,0,0,0,1,0,0,0,0,-,-,-,-
